<?xml version="1.0" encoding="UTF-8" standalone="yes"?>
<addon id="plugin.video.goodgame" name="GoodGame KODI XBMC Plugin" version="0.2" provider-name="Niko Yakovlev">
  <requires>
    <import addon="xbmc.python" version="2.1.0"/>
    <import addon="script.module.requests" version="2.3.0"/>
  </requires>
  <extension point="xbmc.python.pluginsource" library="addon.py">
    <provides>video</provides>
  </extension>
  <extension point="xbmc.addon.metadata">
    <summary lang="en">Goodgame plugin</summary>
    <description lang="en">With Love from Ukraine for GG!</description>
    <disclaimer lang="en"></disclaimer>
    <language></language>
    <platform>all</platform>
    <license></license>
    <forum></forum>
    <website>p3ka.com</website>
    <email>vegasq@gmail.com</email>
    <source></source>
  </extension>
</addon>